<?xml version="1.0" encoding="UTF-8" standalone="yes"?>
<addon id="plugin.program.kickasskodi" name="KickAssKodi Wizard" version="1.0.0" provider-name="KickAssKodi">
  <requires>
    <import addon="xbmc.python" version="2.1.0"/>
  </requires>
  <extension point="xbmc.python.pluginsource" library="default.py">
        <provides>executable</provides>
  </extension>
  <extension point="xbmc.addon.metadata">
    <summary lang="en">KickAssKodi Wizard</summary>
    <description lang="en">The most kick ass Kodi build... ever!</description>
    <platform>all</platform>
  </extension>
</addon>
