<?xml version="1.0" encoding="UTF-8"?>
    <addon id="repository.kickasskodi" name="KickAssKodi" version="1.0.0" provider-name="KickAssKodi">
        <requires>
            <import addon="xbmc.addon" version="12.0.0"/>
        </requires>
        <extension point="xbmc.addon.repository" name="KickAssKodi">
            <info compressed="false">http://raw.githubusercontent.com/kickasskodi/repo/_repo/addons.xml</info>
            <checksum>http://raw.githubusercontent.com/kickasskodi/repo/_repo/addons.xml.md5</checksum>
            <datadir zip="true">http://raw.githubusercontent.com/kickasskodi/repo/_repo/</datadir>
            <hashes>false</hashes>
        </extension>
        <extension point="xbmc.addon.metadata">
            <summary>The most Kick Ass Kodi repo ever!</summary>
            <description></description>
            <platform>all</platform>
    </extension>
</addon>